{"cameraMode":{"drawMode":0,"name":"Shaded","section":"Shading Mode"},"sceneLighting":true,"audioPlay":false,"sceneViewState":{"m_AlwaysRefresh":false,"showFog":true,"showSkybox":true,"showFlares":true,"showImageEffects":true,"showParticleSystems":true,"showVisualEffectGraphs":true,"m_FxEnabled":true},"in2DMode":false,"pivot":{"x":7.333098411560059,"y":26.73680305480957,"z":-313.6900939941406},"rotation":{"x":0.23097173869609834,"y":0.05227227509021759,"z":-0.004560567904263735,"w":0.9723786115646362},"size":1.5989981889724732,"orthographic":false}